{
  "tenantId": "kl",
  "moduleName": "common-masters",
  "State": [
    {
      "name": "Himachal Pradesh",
      "namelocal": "ഹിമാചല്‍ പ്രദേശ്",
      "statecode": "HP",
      "id": 2,
      "countryid": 77,
      "code": "STATE_HIMACHAL_PRADESH",
      "lgdid": 2,
      "active": true,
      "type": "COMMON"
    },
    {
      "name": "Punjab",
      "namelocal": "പഞ്ചാബ്",
      "statecode": "PB",
      "id": 3,
      "countryid": 77,
      "code": "STATE_PUNJAB",
      "lgdid": 3,
      "active": true,
      "type": "COMMON"
    },
    {
      "name": "Chandigarh",
      "namelocal": "ചണ്ഡിഗര്‍",
      "statecode": "CH",
      "id": 4,
      "countryid": 77,
      "code": "STATE_CHANDIGARH",
      "lgdid": 4,
      "active": true,
      "type": "COMMON"
    },
    {
      "name": "Uttarakhand",
      "namelocal": "ഉത്തരാഖണ്ഡ്",
      "statecode": "UT",
      "id": 5,
      "countryid": 77,
      "code": "STATE_UTTARAKHAND",
      "lgdid": 5,
      "active": true,
      "type": "COMMON"
    },
    {
      "name": "Haryana",
      "namelocal": "ഹരിയാന",
      "statecode": "HR",
      "id": 6,
      "countryid": 77,
      "code": "STATE_HARYANA",
      "lgdid": 6,
      "active": true,
      "type": "COMMON"
    },
    {
      "name": "Delhi",
      "namelocal": "‍ഡെല്‍ഹി",
      "statecode": "DL",
      "id": 7,
      "countryid": 77,
      "code": "STATE_DELHI",
      "lgdid": 7,
      "active": true,
      "type": "COMMON"
    },
    {
      "name": "Rajasthan",
      "namelocal": "രാജസ്താന്‍",
      "statecode": "RJ",
      "id": 8,
      "countryid": 77,
      "code": "STATE_RAJASTHAN",
      "lgdid": 8,
      "active": true,
      "type": "COMMON"
    },
    {
      "name": "Uttar Pradesh",
      "namelocal": "ഉത്തര്‍ പ്രദേശ്",
      "statecode": "UP",
      "id": 9,
      "countryid": 77,
      "code": "STATE_UTTARPRADESH",
      "lgdid": 9,
      "active": true,
      "type": "COMMON"
    },
    {
      "name": "Bihar",
      "namelocal": "ബീഹാര്‍",
      "statecode": "BR",
      "id": 10,
      "countryid": 77,
      "code": "STATE_BIHAR",
      "lgdid": 10,
      "active": true,
      "type": "COMMON"
    },
    {
      "name": "Sikkim",
      "namelocal": "സിക്കിം",
      "statecode": "SK",
      "id": 11,
      "countryid": 77,
      "code": "STATE_SIKKIM",
      "lgdid": 11,
      "active": true,
      "type": "COMMON"
    },
    {
      "name": "Arunachal Pradesh",
      "namelocal": "അരുണാചല്‍ പ്രദേശ്",
      "statecode": "AR",
      "id": 12,
      "countryid": 77,
      "code": "STATE_ARUNACHAL_PRADESH",
      "lgdid": 12,
      "active": true,
      "type": "COMMON"
    },
    {
      "name": "Nagaland",
      "namelocal": "നാഗാലാന്റ്",
      "statecode": "NL",
      "id": 13,
      "countryid": 77,
      "code": "STATE_NAGALAND",
      "lgdid": 13,
      "active": true,
      "type": "COMMON"
    },
    {
      "name": "Manipur",
      "namelocal": "മണിപ്പുര്‍",
      "statecode": "MN",
      "id": 14,
      "countryid": 77,
      "code": "STATE_MANIPUR",
      "lgdid": 14,
      "active": true,
      "type": "COMMON"
    },
    {
      "name": "Mizoram",
      "namelocal": "മിസോറാം",
      "statecode": "MZ",
      "id": 15,
      "countryid": 77,
      "code": "STATE_MIZORAM",
      "lgdid": 15,
      "active": true,
      "type": "COMMON"
    },
    {
      "name": "Tripura",
      "namelocal": "തൃപുര",
      "statecode": "TR",
      "id": 16,
      "countryid": 77,
      "code": "STATE_TRIPURA",
      "lgdid": 16,
      "active": true,
      "type": "COMMON"
    },
    {
      "name": "Meghalaya",
      "namelocal": "മേഘാലയ",
      "statecode": "ML",
      "id": 17,
      "countryid": 77,
      "code": "STATE_MEGHALAYA",
      "lgdid": 17,
      "active": true,
      "type": "COMMON"
    },
    {
      "name": "Assam",
      "namelocal": "ആസം",
      "statecode": "AS",
      "id": 18,
      "countryid": 77,
      "code": "STATE_ASSAM",
      "lgdid": 18,
      "active": true,
      "type": "COMMON"
    },
    {
      "name": "West Bengal",
      "namelocal": "പശ്ചിമ ബംഗാള്‍",
      "statecode": "WB",
      "id": 19,
      "countryid": 77,
      "code": "STATE_WESTBENGAL",
      "lgdid": 19,
      "active": true,
      "type": "COMMON"
    },
    {
      "name": "Jharkhand",
      "namelocal": "ഝാര്‍ഖണ്ഡ്",
      "statecode": "JH",
      "id": 20,
      "countryid": 77,
      "code": "STATE_JHARKHAND",
      "lgdid": 20,
      "active": true,
      "type": "COMMON"
    },
    {
      "name": "Odisha",
      "namelocal": "ഒഡിഷ്യ",
      "statecode": "OR",
      "id": 21,
      "countryid": 77,
      "code": "STATE_ODISHA",
      "lgdid": 21,
      "active": true,
      "type": "COMMON"
    },
    {
      "name": "Chhattisgarh",
      "namelocal": "ഝത്തീസ്ഗര്‍",
      "statecode": "CT",
      "id": 22,
      "countryid": 77,
      "code": "STATE_CHHATTISGARH",
      "lgdid": 22,
      "active": true,
      "type": "COMMON"
    },
    {
      "name": "Madhya Pradesh",
      "namelocal": "മദ്ധ്യപ്രദേശ്",
      "statecode": "MP",
      "id": 23,
      "countryid": 77,
      "code": "STATE_MADHYA_PRADESH",
      "lgdid": 23,
      "active": true,
      "type": "COMMON"
    },
    {
      "name": "Gujarat",
      "namelocal": "ഗുജറാത്ത്",
      "statecode": "GJ",
      "id": 24,
      "countryid": 77,
      "code": "STATE_GUJARAT",
      "lgdid": 24,
      "active": true,
      "type": "COMMON"
    },
    {
      "name": "Daman And Diu",
      "namelocal": "ഡാമന്‍ ആന്റ് ഡ്യൂ",
      "statecode": "DD",
      "id": 25,
      "countryid": 77,
      "code": "STATE_DAMAN_AND_DIU",
      "lgdid": 25,
      "active": true,
      "type": "COMMON"
    },
    {
      "name": "Dadra And Nagar Haveli",
      "namelocal": "ദാദ്രാ ആന്റ് നാഗര്‍ ഹവേലി",
      "statecode": "DN",
      "id": 26,
      "countryid": 77,
      "code": "STATE_DADRA_AND_NAGAR_HAVELI",
      "lgdid": 26,
      "active": true,
      "type": "COMMON"
    },
    {
      "name": "Maharashtra",
      "namelocal": "മഹാരാഷ്ട്ര",
      "statecode": "MH",
      "id": 27,
      "countryid": 77,
      "code": "STATE_MAHARASHTRA",
      "lgdid": 27,
      "active": true,
      "type": "COMMON"
    },
    {
      "name": "Andhra Pradesh",
      "namelocal": "ആന്ധ്രാപ്രദേശ്",
      "statecode": "AP",
      "id": 28,
      "countryid": 77,
      "code": "STATE_ANDHRA_PRADESH",
      "lgdid": 28,
      "active": true,
      "type": "COMMON"
    },
    {
      "name": "Karnataka",
      "namelocal": "കര്‍ണാടക",
      "statecode": "KA",
      "id": 29,
      "countryid": 77,
      "code": "STATE_KARNATAKA",
      "lgdid": 29,
      "active": true,
      "type": "COMMON"
    },
    {
      "name": "Goa",
      "namelocal": "ഗോവ",
      "statecode": "GA",
      "id": 30,
      "countryid": 77,
      "code": "STATE_GOA",
      "lgdid": 30,
      "active": true,
      "type": "COMMON"
    },
    {
      "name": "Lakshadweep",
      "namelocal": "ലക്ഷദിപ്",
      "statecode": "LD",
      "id": 31,
      "countryid": 77,
      "code": "STATE_LAKSHADWEEP",
      "lgdid": 31,
      "active": true,
      "type": "COMMON"
    },
    {
      "name": "Kerala",
      "namelocal": "കേരളം",
      "statecode": "KL",
      "id": 32,
      "countryid": 77,
      "code": "STATE_KERALA",
      "lgdid": 32,
      "active": true,
      "type": "COMMON"
    },
    {
      "name": "Tamil Nadu",
      "namelocal": "തമിഴ് നാട്",
      "statecode": "TN",
      "id": 33,
      "countryid": 77,
      "code": "STATE_TAMIL_NADU",
      "lgdid": 33,
      "active": true,
      "type": "COMMON"
    },
    {
      "name": "Puducherry",
      "namelocal": "പുതുച്ചേരി",
      "statecode": "PY",
      "id": 34,
      "countryid": 77,
      "code": "STATE_PUDUCHERRY",
      "lgdid": 34,
      "active": true,
      "type": "COMMON"
    },
    {
      "name": "Andaman And Nicobar Islands",
      "namelocal": "ആന്റമാന്‍ ആന്റ് നിക്കോബാര്‍  ഐലന്റസ്",
      "statecode": "AN",
      "id": 35,
      "countryid": 77,
      "code": "STATE_ANDAMAN_AND_NICOBARISLANDS",
      "lgdid": 35,
      "active": true,
      "type": "COMMON"
    },
    {
      "name": "Telangana",
      "namelocal": "തെലുങ്കാന",
      "statecode": "TL",
      "id": 36,
      "countryid": 77,
      "code": "STATE_TELANGANA",
      "lgdid": 36,
      "active": true,
      "type": "COMMON"
    },
    {
      "name": "Jammu And Kashmir",
      "namelocal": "ജമ്മു ആന്റ് കാഷ്മീര്‍",
      "statecode": "JK",
      "id": 1,
      "countryid": 77,
      "code": "STATE_JAMMU_AND_KASHMIR",
      "lgdid": 1,
      "active": true,
      "type": "COMMON"
    },
    {
      "name": "Ladakh",
      "namelocal": "ലഡാക്ക്",
      "statecode": "LK",
      "id": 37,
      "countryid": 77,
      "code": "STATE_LADAKH",
      "lgdid": "NULL",
      "active": true,
      "type": "COMMON"
    }
  ]
}
